[
    {
        "APA format": "(Oyeyiola, P.A) (2018). Document Analysis & Generation. Academic Document Analysis & Citation Generation, 1, 26.",
        "MLA format": "(Oyeyiola, P.A). \"Document Analysis & Generation.\" Academic Document Analysis & Citation Generation, vol. 1, 2018, pp. 26.",
        "Chicago": "(Oyeyiola, P.A). \"Document Analysis & Generation.\" Academic Document Analysis & Citation Generation 1 (2018): 26.",
        "IEEE": "(Oyeyiola, P.A), \"Document Analysis & Generation,\" Academic Document Analysis & Citation Generation, vol. 1, pp. 26, 2018.",
        "analyzed_at": "2025-08-02 13:53:17"
    }
]