[
    {
        "structure": {
            "abstract": true,
            "introduction": true,
            "conclusion": true,
            "references_section": true
        },
        "references": {
            "missing_in_refs": [],
            "unused_in_refs": [
                "Reference",
                "",
                "1. Siciliano, B., & Khatib, O. (2016). Springer Handbook of Robotics. Springer.",
                "",
                "",
                "2. Bekey, G. A. (2005). Autonomous Robots: From Biological Inspiration to Implementation and Control. MIT Press.",
                "",
                "",
                "3. Thrun, S., Burgard, W., & Fox, D. (2005). Probabilistic Robotics. MIT Press.",
                "",
                "",
                "4. IEEE Robotics and Automation Society. (2024). Recent Trends in Robotics Research.",
                "",
                "",
                "5. Craig, J. J. (2021). Introduction to Robotics: Mechanics and Control (4th Edition). Pearson.",
                "",
                "",
                "6. Arkin, R. C. (2009). Governing Lethal Behavior in Autonomous Robots. CRC Press.",
                "",
                "",
                "7. Albus, J. S. (2011). Brains, Minds, and Robots: The Future of Intelligent Machines. Wiley-IEEE Press.",
                "",
                "",
                "8. Fuller, J., & Jenkins, H. (2022). Artificial Intelligence in Robotics: Pathways and Ethics. Oxford University Press.",
                "",
                "",
                "9. Murphy, R. (2019). Introduction to AI Robotics (2nd Edition). MIT Press.",
                "",
                "",
                "10. Robot Institute of America (RIA). (2023). Annual Robotics Industry Report.",
                "",
                "",
                "11. Kelly, A. (2013). Mobile Robotics: Mathematics, Models, and Methods. Cambridge University Press.",
                "",
                "",
                "12. Christensen, H. I. (2020). \u201cA Roadmap for U.S. Robotics.\u201d Robotics Roadmap Initiative Report.",
                "",
                "",
                "13. Parker, L. E., Khatib, O., & Christensen, H. I. (2016). Springer Handbook of Robotics (2nd Edition). Springer.",
                "",
                "",
                "14. Siciliano, B. (2014). \u201cRobotics Trends and Future Challenges.\u201d Annual Review of Control, Robotics, and Autonomous Systems, 1(1).",
                "",
                "",
                "15. International Federation of Robotics (IFR). (2023). World Robotics Report 2023.",
                "",
                ""
            ]
        },
        "style": {
            "long_sentences_count": 10,
            "passive_voice_count": 2,
            "average_words_per_sentence": 7.57
        },
        "plagiarism": [
            {
                "container_file": "high plagiarism.txt",
                "similarity": 0.23
            },
            {
                "container_file": "low level of plagiarism.txt",
                "similarity": 0.26
            },
            {
                "container_file": "Robetics.txt",
                "similarity": 1.0
            }
        ],
        "analyzed_at": "2025-08-01 12:59:29"
    },
    {
        "structure": {
            "abstract": true,
            "introduction": true,
            "conclusion": true,
            "references_section": true
        },
        "references": {
            "missing_in_refs": [],
            "unused_in_refs": [
                "Reference",
                "",
                "1. Siciliano, B., & Khatib, O. (2016). Springer Handbook of Robotics. Springer.",
                "",
                "",
                "2. Bekey, G. A. (2005). Autonomous Robots: From Biological Inspiration to Implementation and Control. MIT Press.",
                "",
                "",
                "3. Thrun, S., Burgard, W., & Fox, D. (2005). Probabilistic Robotics. MIT Press.",
                "",
                "",
                "4. IEEE Robotics and Automation Society. (2024). Recent Trends in Robotics Research.",
                "",
                "",
                "5. Craig, J. J. (2021). Introduction to Robotics: Mechanics and Control (4th Edition). Pearson.",
                "",
                "",
                "6. Arkin, R. C. (2009). Governing Lethal Behavior in Autonomous Robots. CRC Press.",
                "",
                "",
                "7. Albus, J. S. (2011). Brains, Minds, and Robots: The Future of Intelligent Machines. Wiley-IEEE Press.",
                "",
                "",
                "8. Fuller, J., & Jenkins, H. (2022). Artificial Intelligence in Robotics: Pathways and Ethics. Oxford University Press.",
                "",
                "",
                "9. Murphy, R. (2019). Introduction to AI Robotics (2nd Edition). MIT Press.",
                "",
                "",
                "10. Robot Institute of America (RIA). (2023). Annual Robotics Industry Report.",
                "",
                "",
                "11. Kelly, A. (2013). Mobile Robotics: Mathematics, Models, and Methods. Cambridge University Press.",
                "",
                "",
                "12. Christensen, H. I. (2020). \u201cA Roadmap for U.S. Robotics.\u201d Robotics Roadmap Initiative Report.",
                "",
                "",
                "13. Parker, L. E., Khatib, O., & Christensen, H. I. (2016). Springer Handbook of Robotics (2nd Edition). Springer.",
                "",
                "",
                "14. Siciliano, B. (2014). \u201cRobotics Trends and Future Challenges.\u201d Annual Review of Control, Robotics, and Autonomous Systems, 1(1).",
                "",
                "",
                "15. International Federation of Robotics (IFR). (2023). World Robotics Report 2023.",
                "",
                ""
            ]
        },
        "style": {
            "long_sentences_count": 10,
            "passive_voice_count": 2,
            "average_words_per_sentence": 7.57
        },
        "plagiarism": [
            {
                "container_file": "high plagiarism.txt",
                "similarity": 0.23
            },
            {
                "container_file": "low level of plagiarism.txt",
                "similarity": 0.26
            },
            {
                "container_file": "Robetics.txt",
                "similarity": 1.0
            }
        ],
        "analyzed_at": "2025-08-02 13:42:32"
    }
]